cluster-server,5
ppserver,1
public-extension,4
,1
content-transfer-encoding,3
vary,1406
content_length,2
tcn,36
nncoection,33
x-gahelper,1
x-webserver,3
set-cookie2,3
srvname,1
copyright,1
cashe-control,1
portal-engine,1
keep-alive,49
0,1
etag,8012
cache-control,3900
limerick,10
x-highwire-sessionid,2
window-target,11
x-perlbal,4
wn_vars,1
page-completion-status,68
x-cache,412
x-ips-cache,2
transfer-encoding,4614
x-bender,1
cneonction,10
x-guru,2
x-dip,5
x-cache-hit,1
x-mod-choke,4
cachecontrol,1
x-atg-version,1
x-ibs-ccds-origin,1
x-back,7
req-id,1
cookieheader,2
gamesystem.com,1
x-powered-by,5491
served-by,1
refresh,5
server,14757
x-pad,358
x-caching-rule-id,1
message-id,1
pics-label,16
charset,1
x-host,420
x-cached-time,2
microsoftofficewebserver,739
x-cache-lookup,237
x-rehbein,1
x-lrecl,1
mirror,1
x-gu-httpd,5
p3p,1000
x-hostname,7
dcgi-server,2
x-via,2
x-ud-loopcounter,3
e-tag,1
ms-author-via,8
content,6
version,1
x-dmuser,4
matrix-server,1
slash_log_data,1
http_host_was,2
created-by,1
mime-version,30
x-accelerator-vary,1
bim server,1
x-sfx-revision,1
x-instance-name,1
x-accelerated-by,5
wn,1
accept-ranges,8873
x-vortech-php,6
content-md5,1
last-modified,8769
host,2
x-server,9
web,1
x-ud-target,3
x-dave,1
emap-type,1
content-language,274
content-encoding,1
x-ud-host,3
machinename,1
isp,1
connection,3900
srv,9
cache-last-checked,2
x-machine-id,1
commerce-server-software,5
resourcetag,4
content-type,15348
x-weblogic-cluster-list,1
x-ud-method,3
x-coremedia-cacheable,1
via,192
composed-by,15
x-inkt-uri,420
ihs,1
x-site,1
proxy-agent,2
x-zend-winenabler,1
delegate-ver,1
policyref,1
x-pingback,64
remote_addr_was,2
from,3
content-script-type,2
x-probase-spider-mirrorof,1
compression-control,1
character set '#33' is not a compiled character set and is not specified in the 'c,1
server_addr_was,2
x-ud-remote_addr,3
x-spip-cache,8
slb_server,1
servername,3
x-cms-powered-by,1
x-aspnet-version,387
set-cookie,5105
cache-expires,3
x-content-type-warning,1
phone,1
x-cachettl,1
pragma,1345
if-modified-since,1
hosted-with,1
content-location,1547
x-recfm,1
x-n,2
x-storesense,1
x-ibs-ccds-version,1
x-content-parsed-by,2
imagetoolbar,1
x-track,4
warning,2
x-ga-server-instance,1
communityserver,1
content location,1
x-vary,1
x-handling,3
realserver,2
x-inkt-site,420
content-length,10243
proxy-connection,14
application-name,4
x-kiosk_expires,2
file 'c,1
x-fb-host,1
x-ruby-cluster-id,1
x-sfx-webhead,1
x-varnish,4
x-tpsrv,4
x-aipby-by,1
x-servername,7
filter-revision,63
x-mrhost,1
servlet-engine,2
author,1
server_name_was,2
microsoftsharepointteamservices,11
hostname,1
x-server-name,6
x-cache-rules-applied,1
pagebuildtime,1
x-cocoon-version,5
x-xrds-location,1
cbsid,1
www-authenticate,14
status,19
x-glyphgate,1
iisexport,55
expires,2264
test-test,3
x-r4l-vhost,1
x-cache-ttl,2
x-id,1
x-creationtime,16
date,15315
south australian government,1
x-exectime,2
x-header-set-id,1
source,1
ignore__length,1
x-kexpinterval,2
age,111
uri,2
x-hacker,3
if-none-match,1
sn,1
allow,3
modlayout,1
content-style-type,1
x-responding-server,4
x-server-ip,206
